               epoch,      train/box_loss,      train/obj_loss,      train/cls_loss,   metrics/precision,      metrics/recall,     metrics/mAP_0.5,metrics/mAP_0.5:0.95,        val/box_loss,        val/obj_loss,        val/cls_loss,               x/lr0,               x/lr1,               x/lr2
                   0,             0.11134,            0.014821,            0.079202,           0.0089583,               0.525,            0.019242,           0.0037039,            0.071655,            0.010829,            0.048037,              0.0982,              0.0002,              0.0002
                   1,             0.10874,            0.014117,            0.073608,           0.0083369,               0.525,            0.020721,           0.0036204,            0.069221,            0.011316,            0.047817,            0.095499,          0.00049901,          0.00049901
                   2,             0.10108,            0.018211,            0.075167,           0.0083068,               0.575,            0.016454,           0.0034744,              0.0655,            0.012086,            0.047308,            0.092797,          0.00079683,          0.00079683
                   3,            0.093722,            0.019441,            0.071784,            0.011488,               0.725,            0.019744,           0.0048967,            0.060078,            0.013256,            0.046456,            0.090093,           0.0010935,           0.0010935
                   4,            0.088435,            0.024825,            0.067605,            0.012766,                0.85,            0.029019,           0.0067038,            0.055677,            0.014129,            0.045217,            0.087389,           0.0013889,           0.0013889
                   5,            0.083266,            0.020752,            0.065019,            0.013854,                0.95,            0.034843,           0.0078603,            0.051142,            0.014878,            0.043842,            0.084683,           0.0016832,           0.0016832
                   6,            0.079731,            0.026648,            0.060605,            0.013283,                   1,            0.033475,            0.011049,            0.047925,            0.014995,            0.042092,            0.081976,           0.0019762,           0.0019762
                   7,            0.074482,            0.024876,              0.0593,            0.012348,                   1,            0.043762,             0.01238,            0.046564,            0.015165,             0.04098,            0.079268,           0.0022681,           0.0022681
                   8,            0.074855,             0.02472,            0.055026,            0.010933,                   1,            0.053947,            0.017193,            0.047159,            0.014635,            0.038605,            0.076559,           0.0025588,           0.0025588
                   9,            0.071083,            0.028413,            0.050281,            0.010707,                   1,            0.085754,            0.026323,            0.044972,             0.01444,             0.03618,            0.073848,           0.0028483,           0.0028483
                  10,            0.068215,            0.024761,            0.047619,            0.047911,                   1,             0.17081,             0.04439,            0.045077,            0.013383,            0.031345,            0.071137,           0.0031366,           0.0031366
                  11,            0.067314,            0.025985,            0.043259,             0.18099,               0.375,             0.42569,             0.13007,            0.040225,            0.013435,            0.029865,            0.068424,           0.0034238,           0.0034238
                  12,            0.063847,            0.024271,            0.039366,             0.09596,               0.675,              0.1177,            0.030607,            0.050088,            0.011939,            0.029098,             0.06571,           0.0037097,           0.0037097
                  13,            0.069295,            0.019496,            0.037949,            0.097662,             0.66424,             0.12471,            0.039967,            0.043286,            0.012311,            0.028512,            0.062994,           0.0039945,           0.0039945
                  14,            0.065196,             0.02233,            0.037578,             0.19771,               0.625,              0.2029,            0.064832,            0.051711,             0.01214,            0.028813,            0.060278,            0.004278,            0.004278
                  15,            0.072616,            0.018261,            0.035916,            0.076852,               0.675,            0.081056,            0.023092,             0.05351,            0.012604,            0.028627,             0.05756,           0.0045604,           0.0045604
                  16,            0.068452,            0.017929,            0.034563,             0.33518,                0.75,             0.45991,             0.12338,            0.046978,            0.013268,            0.027951,            0.054842,           0.0048416,           0.0048416
                  17,             0.06685,            0.017943,            0.034706,             0.27542,               0.475,              0.3294,            0.091152,            0.040248,            0.013908,            0.027516,            0.052122,           0.0051216,           0.0051216
                  18,            0.062558,            0.018898,            0.034025,             0.45827,             0.81286,             0.54828,             0.21566,            0.051646,            0.013178,            0.027142,              0.0494,           0.0054004,           0.0054004
                  19,            0.069209,            0.016735,              0.0331,             0.45164,                0.85,             0.55505,             0.24425,             0.04234,            0.013474,            0.026179,            0.046678,            0.005678,            0.005678
                  20,            0.062411,            0.019969,            0.033123,             0.37687,               0.875,             0.53215,             0.15982,            0.041536,            0.012969,            0.025655,            0.043954,           0.0059545,           0.0059545
                  21,            0.060055,            0.017438,            0.031964,             0.48251,               0.875,             0.56712,             0.27826,            0.047324,            0.012729,            0.024774,             0.04123,           0.0062297,           0.0062297
                  22,             0.06619,            0.017303,             0.03173,             0.45799,                 0.8,             0.55387,             0.19269,            0.052795,            0.013172,            0.023886,            0.038504,           0.0065038,           0.0065038
                  23,            0.071223,            0.014353,            0.031335,             0.21289,               0.725,             0.26646,             0.11648,            0.055992,            0.011668,            0.022056,            0.035777,           0.0067767,           0.0067767
                  24,            0.068399,            0.015468,            0.031366,             0.35858,             0.75831,             0.54458,             0.20174,            0.046361,              0.0104,            0.020943,            0.033048,           0.0070484,           0.0070484
                  25,            0.060984,             0.01733,            0.030791,             0.35471,                0.85,             0.59075,             0.16424,            0.049646,            0.010086,            0.019892,            0.030319,           0.0073188,           0.0073188
                  26,             0.06778,            0.014919,             0.03016,             0.36603,               0.875,             0.59674,             0.28797,            0.051374,           0.0093674,            0.019377,            0.027588,           0.0075882,           0.0075882
                  27,            0.072371,             0.01565,            0.030573,             0.38544,                0.85,             0.55434,             0.13266,            0.051918,           0.0092289,            0.018609,            0.024856,           0.0078563,           0.0078563
                  28,            0.071579,            0.015615,            0.029844,             0.38544,                0.85,             0.55434,             0.13266,            0.051918,           0.0092289,            0.018609,            0.022123,           0.0081232,           0.0081232
                  29,             0.06196,            0.016344,            0.029367,             0.50365,             0.85744,             0.66891,             0.24566,            0.043442,           0.0088997,            0.017967,            0.019389,            0.008389,            0.008389
                  30,            0.063873,              0.0156,            0.029386,             0.44318,             0.87886,             0.64682,              0.2887,            0.039003,           0.0093098,            0.017575,            0.016654,           0.0086535,           0.0086535
                  31,            0.071537,            0.014638,            0.028742,             0.24035,               0.625,              0.2796,            0.090369,            0.058259,           0.0077233,            0.016936,            0.013917,           0.0089169,           0.0089169
                  32,            0.073754,            0.016756,            0.028213,             0.24035,               0.625,              0.2796,            0.090369,            0.058259,           0.0077233,            0.016936,            0.011179,           0.0091791,           0.0091791
                  33,            0.063626,            0.014145,            0.028181,             0.31794,                0.85,             0.41601,              0.1116,            0.046193,           0.0087565,            0.016388,           0.0093466,           0.0093466,           0.0093466
                  34,             0.06177,            0.014163,            0.025205,             0.51849,                0.75,             0.70988,             0.20697,            0.047915,           0.0084672,             0.01482,           0.0093466,           0.0093466,           0.0093466
                  35,            0.071423,            0.013368,            0.025327,             0.43909,                 0.8,              0.5972,             0.18129,            0.042562,            0.008453,            0.013822,           0.0093268,           0.0093268,           0.0093268
                  36,            0.058789,            0.015472,            0.026449,             0.43909,                 0.8,              0.5972,             0.18129,            0.042562,            0.008453,            0.013822,            0.009307,            0.009307,            0.009307
                  37,            0.057985,            0.015539,            0.023709,             0.31384,               0.825,             0.34901,              0.1244,            0.041021,           0.0086246,            0.012703,           0.0092872,           0.0092872,           0.0092872
                  38,            0.063138,            0.014173,            0.023871,             0.45305,             0.81111,              0.6388,             0.15568,            0.052734,           0.0080869,            0.011917,           0.0092674,           0.0092674,           0.0092674
                  39,            0.074345,            0.014532,            0.021579,             0.47966,               0.875,             0.70514,             0.19946,            0.052109,           0.0090218,            0.010446,           0.0092476,           0.0092476,           0.0092476
                  40,            0.073848,            0.013753,            0.020772,             0.47966,               0.875,             0.70514,             0.19946,            0.052109,           0.0090218,            0.010446,           0.0092278,           0.0092278,           0.0092278
                  41,            0.069439,              0.0129,            0.021488,             0.45534,             0.97168,             0.57275,             0.28157,            0.043431,           0.0092792,           0.0096668,            0.009208,            0.009208,            0.009208
                  42,            0.071981,            0.012895,            0.019351,             0.35887,             0.72671,             0.38734,             0.08171,            0.056543,           0.0090793,           0.0089188,           0.0091882,           0.0091882,           0.0091882
                  43,            0.075728,            0.013112,            0.022594,             0.33991,                0.95,             0.56725,             0.23995,            0.041184,           0.0097528,           0.0097617,           0.0091684,           0.0091684,           0.0091684
                  44,            0.060965,             0.01471,            0.020255,             0.33991,                0.95,             0.56725,             0.23995,            0.041184,           0.0097528,           0.0097617,           0.0091486,           0.0091486,           0.0091486
                  45,            0.058074,            0.015548,             0.01871,             0.93296,                0.45,             0.60311,             0.25149,            0.041345,            0.009502,            0.009216,           0.0091288,           0.0091288,           0.0091288
                  46,            0.058371,            0.015611,            0.019036,             0.43422,               0.825,             0.82486,              0.3419,            0.043125,           0.0092703,           0.0086457,            0.009109,            0.009109,            0.009109
                  47,            0.056508,            0.013254,            0.019191,             0.48244,               0.825,             0.82072,             0.31168,            0.039554,           0.0084078,           0.0087339,           0.0090892,           0.0090892,           0.0090892
                  48,            0.057385,             0.01478,            0.018861,             0.48244,               0.825,             0.82072,             0.31168,            0.039554,           0.0084078,           0.0087339,           0.0090694,           0.0090694,           0.0090694
                  49,            0.055582,            0.013218,            0.017713,             0.57217,             0.91111,             0.85497,             0.32988,            0.038195,           0.0083819,           0.0080285,           0.0090496,           0.0090496,           0.0090496
                  50,            0.055107,            0.014819,            0.015369,             0.32313,             0.91045,             0.53766,             0.25263,            0.042061,           0.0092475,           0.0075713,           0.0090298,           0.0090298,           0.0090298
                  51,            0.060282,            0.013632,            0.016175,             0.65363,                 0.9,             0.83531,             0.35913,            0.036533,           0.0088859,           0.0070403,             0.00901,             0.00901,             0.00901
                  52,            0.053187,             0.01576,            0.015119,             0.65363,                 0.9,             0.83531,             0.35913,            0.036533,           0.0088859,           0.0070403,           0.0089902,           0.0089902,           0.0089902
                  53,            0.050958,            0.015503,            0.013866,             0.65511,               0.925,             0.90084,             0.49035,            0.029575,           0.0089424,            0.006816,           0.0089704,           0.0089704,           0.0089704
                  54,            0.054607,            0.014371,            0.015884,             0.37662,             0.92787,             0.58644,             0.35218,            0.041361,           0.0088408,           0.0067106,           0.0089506,           0.0089506,           0.0089506
                  55,            0.054764,            0.012986,            0.013128,             0.85544,                 0.9,             0.92471,             0.42263,            0.035435,           0.0092732,           0.0069459,           0.0089308,           0.0089308,           0.0089308
                  56,             0.05679,            0.012822,            0.016157,             0.85544,                 0.9,             0.92471,             0.42263,            0.035435,           0.0092732,           0.0069459,            0.008911,            0.008911,            0.008911
                  57,            0.048518,            0.013589,            0.013859,             0.75411,               0.975,             0.86902,             0.41091,            0.032317,           0.0089343,           0.0063903,           0.0088912,           0.0088912,           0.0088912
                  58,            0.049771,            0.013059,            0.015529,             0.77646,             0.66409,              0.8055,             0.48976,            0.032838,           0.0087335,           0.0062672,           0.0088714,           0.0088714,           0.0088714
                  59,            0.046885,            0.012799,            0.018541,             0.87787,             0.90613,             0.94949,             0.62432,            0.026087,           0.0086714,           0.0061573,           0.0088516,           0.0088516,           0.0088516
                  60,             0.04912,            0.012056,            0.015944,             0.87787,             0.90613,             0.94949,             0.62432,            0.026087,           0.0086714,           0.0061573,           0.0088318,           0.0088318,           0.0088318
                  61,            0.046633,            0.011741,            0.016387,             0.94662,             0.89363,             0.96894,             0.48772,            0.026751,           0.0086026,           0.0058736,            0.008812,            0.008812,            0.008812
                  62,            0.048272,            0.013459,            0.013911,             0.59823,             0.70806,               0.765,             0.20358,            0.036838,           0.0080491,            0.005667,           0.0087922,           0.0087922,           0.0087922
                  63,            0.052787,            0.012598,            0.015536,             0.55148,               0.875,             0.71848,             0.29293,            0.036264,            0.008141,           0.0063481,           0.0087724,           0.0087724,           0.0087724
                  64,              0.0559,            0.011809,            0.015756,             0.55148,               0.875,             0.71848,             0.29293,            0.036264,            0.008141,           0.0063481,           0.0087526,           0.0087526,           0.0087526
                  65,             0.04681,            0.011203,            0.015314,             0.55129,               0.925,             0.67653,             0.30655,            0.029796,           0.0076615,           0.0065612,           0.0087328,           0.0087328,           0.0087328
                  66,            0.047953,            0.012413,            0.013286,             0.61016,              0.9211,              0.7676,             0.37155,            0.035804,           0.0072921,           0.0062624,            0.008713,            0.008713,            0.008713
                  67,            0.055663,            0.011259,            0.012181,             0.64119,                 0.9,             0.88785,             0.49691,            0.029206,           0.0071619,           0.0061317,           0.0086932,           0.0086932,           0.0086932
                  68,            0.046976,             0.01122,             0.01488,             0.64119,                 0.9,             0.88785,             0.49691,            0.029206,           0.0071619,           0.0061317,           0.0086734,           0.0086734,           0.0086734
                  69,            0.040633,            0.013873,             0.01367,             0.68765,              0.9496,             0.96093,              0.5525,            0.024729,           0.0068221,           0.0059732,           0.0086536,           0.0086536,           0.0086536
                  70,            0.043865,            0.010317,            0.011745,             0.62868,             0.91426,             0.76598,             0.29583,            0.038082,           0.0065216,           0.0055655,           0.0086338,           0.0086338,           0.0086338
                  71,             0.04997,            0.011384,            0.013547,              0.8306,                 0.9,             0.94618,             0.59995,            0.027756,           0.0063355,            0.005041,            0.008614,            0.008614,            0.008614
                  72,            0.052333,            0.011887,            0.013087,              0.8306,                 0.9,             0.94618,             0.59995,            0.027756,           0.0063355,            0.005041,           0.0085942,           0.0085942,           0.0085942
                  73,            0.043092,            0.012199,            0.013241,             0.70212,                0.95,             0.92997,             0.49095,            0.025475,           0.0062435,           0.0053094,           0.0085744,           0.0085744,           0.0085744
                  74,            0.042533,            0.012273,            0.013068,             0.64605,             0.92706,             0.91078,             0.36888,            0.030896,           0.0065019,           0.0049995,           0.0085546,           0.0085546,           0.0085546
                  75,            0.044478,            0.010934,            0.015409,             0.62639,               0.925,             0.87826,              0.4835,            0.028298,           0.0063502,           0.0050108,           0.0085348,           0.0085348,           0.0085348
                  76,            0.045823,            0.012285,            0.014542,             0.62639,               0.925,             0.87826,              0.4835,            0.028298,           0.0063502,           0.0050108,            0.008515,            0.008515,            0.008515
                  77,            0.046344,            0.010299,             0.01236,             0.77995,                0.85,             0.93389,             0.46892,            0.030947,           0.0066306,           0.0068036,           0.0084952,           0.0084952,           0.0084952
                  78,            0.044145,            0.010011,            0.015343,             0.56787,             0.83597,             0.84577,             0.57199,            0.027264,           0.0064453,           0.0078376,           0.0084754,           0.0084754,           0.0084754
                  79,             0.04147,            0.011576,             0.01492,             0.83813,                0.95,             0.97024,              0.5752,            0.028178,           0.0066256,            0.007503,           0.0084556,           0.0084556,           0.0084556
                  80,            0.044091,           0.0095064,            0.017239,             0.83813,                0.95,             0.97024,              0.5752,            0.028178,           0.0066256,            0.007503,           0.0084358,           0.0084358,           0.0084358
                  81,            0.038684,            0.013241,            0.014017,             0.76752,             0.97026,             0.97339,             0.61999,            0.019593,           0.0062541,           0.0068992,            0.008416,            0.008416,            0.008416
                  82,            0.040735,            0.012146,            0.017267,             0.49774,                0.85,             0.82917,              0.3114,            0.036614,           0.0065875,           0.0082412,           0.0083962,           0.0083962,           0.0083962
                  83,            0.044229,            0.012666,            0.012862,             0.70694,                0.85,             0.93316,             0.53878,            0.022787,           0.0060247,           0.0072485,           0.0083764,           0.0083764,           0.0083764
                  84,            0.043862,            0.011268,            0.013354,             0.70694,                0.85,             0.93316,             0.53878,            0.022787,           0.0060247,           0.0072485,           0.0083566,           0.0083566,           0.0083566
                  85,            0.037124,            0.013042,            0.014726,             0.84911,                0.95,             0.96487,             0.69341,            0.018978,           0.0057157,           0.0072316,           0.0083368,           0.0083368,           0.0083368
                  86,            0.038368,            0.011521,           0.0096451,             0.65032,                 0.8,             0.87236,             0.36851,            0.032126,           0.0061796,            0.007551,            0.008317,            0.008317,            0.008317
                  87,            0.053226,            0.011908,            0.017328,             0.81726,             0.86803,             0.94528,             0.64509,             0.02412,           0.0061551,           0.0068126,           0.0082972,           0.0082972,           0.0082972
                  88,            0.040892,            0.010162,            0.018088,             0.81726,             0.86803,             0.94528,             0.64509,             0.02412,           0.0061551,           0.0068126,           0.0082774,           0.0082774,           0.0082774
                  89,            0.036935,            0.012049,            0.010984,              0.8248,               0.925,             0.94419,             0.68289,            0.020477,           0.0059229,           0.0069433,           0.0082576,           0.0082576,           0.0082576
                  90,             0.03422,            0.010627,           0.0097307,             0.73414,                0.95,             0.95155,             0.66755,            0.021807,           0.0060312,           0.0059623,           0.0082378,           0.0082378,           0.0082378
                  91,            0.042207,            0.010414,            0.010921,             0.77678,                0.95,             0.95086,             0.63198,            0.021213,           0.0058923,           0.0056465,            0.008218,            0.008218,            0.008218
                  92,            0.039734,            0.010289,            0.014685,             0.77678,                0.95,             0.95086,             0.63198,            0.021213,           0.0058923,           0.0056465,           0.0081982,           0.0081982,           0.0081982
                  93,            0.041329,            0.010854,            0.012946,             0.93751,                0.95,             0.97875,             0.64042,            0.023447,           0.0058454,           0.0050684,           0.0081784,           0.0081784,           0.0081784
                  94,            0.042447,            0.010645,            0.010558,             0.72204,                0.95,             0.94164,             0.68346,            0.026977,           0.0058754,           0.0048226,           0.0081586,           0.0081586,           0.0081586
                  95,            0.047529,            0.011202,            0.012861,             0.95018,                0.95,               0.985,             0.44498,            0.026578,           0.0057081,           0.0047942,           0.0081388,           0.0081388,           0.0081388
                  96,            0.038233,            0.010807,            0.010635,             0.95018,                0.95,               0.985,             0.44498,            0.026578,           0.0057081,           0.0047942,            0.008119,            0.008119,            0.008119
                  97,            0.033916,            0.010208,            0.010482,             0.96952,               0.975,             0.98548,             0.57506,            0.022295,           0.0054279,            0.004795,           0.0080992,           0.0080992,           0.0080992
                  98,            0.037733,             0.01042,            0.010811,             0.77427,                0.95,             0.95025,             0.52081,            0.026242,           0.0056459,           0.0047873,           0.0080794,           0.0080794,           0.0080794
                  99,            0.044106,            0.011832,            0.010889,             0.78602,             0.97308,             0.95735,             0.60611,            0.022897,           0.0053264,           0.0047395,           0.0080596,           0.0080596,           0.0080596
                 100,            0.038998,           0.0089859,            0.011002,             0.78602,             0.97308,             0.95735,             0.60611,            0.022897,           0.0053264,           0.0047395,           0.0080398,           0.0080398,           0.0080398
                 101,            0.036573,            0.010856,            0.015171,             0.90142,               0.975,             0.98201,             0.68783,            0.022974,           0.0052056,           0.0046395,             0.00802,             0.00802,             0.00802
                 102,            0.041815,            0.011665,           0.0090552,             0.73008,             0.95961,             0.93886,             0.35073,            0.028725,           0.0056889,           0.0046543,           0.0080002,           0.0080002,           0.0080002
                 103,            0.049487,           0.0094192,            0.013734,             0.96389,               0.975,             0.98667,             0.58214,            0.023668,           0.0053786,           0.0047666,           0.0079804,           0.0079804,           0.0079804
                 104,            0.037272,           0.0096032,            0.012571,             0.96389,               0.975,             0.98667,             0.58214,            0.023668,           0.0053786,           0.0047666,           0.0079606,           0.0079606,           0.0079606
                 105,            0.035348,           0.0095698,            0.013861,             0.93338,               0.975,             0.98351,             0.60004,            0.022471,           0.0053309,           0.0047653,           0.0079408,           0.0079408,           0.0079408
                 106,            0.033255,           0.0092407,            0.011695,             0.97828,               0.975,             0.98613,             0.62875,             0.02144,           0.0050451,           0.0046417,            0.007921,            0.007921,            0.007921
                 107,            0.037178,            0.010402,            0.009508,             0.52826,             0.93215,              0.8153,             0.36235,            0.029134,           0.0053663,           0.0042825,           0.0079012,           0.0079012,           0.0079012
                 108,            0.044965,           0.0096996,            0.012206,             0.52826,             0.93215,              0.8153,             0.36235,            0.029134,           0.0053663,           0.0042825,           0.0078814,           0.0078814,           0.0078814
                 109,            0.040736,            0.011878,             0.01238,             0.70599,             0.97402,             0.88971,             0.47166,            0.024645,           0.0051868,           0.0040846,           0.0078616,           0.0078616,           0.0078616
                 110,            0.037706,            0.010189,            0.011909,             0.89428,             0.97047,             0.96059,             0.49464,             0.02049,           0.0049223,           0.0044085,           0.0078418,           0.0078418,           0.0078418
                 111,            0.035619,           0.0099543,            0.010218,               0.787,                0.95,             0.88742,             0.54203,            0.021181,           0.0049563,           0.0046178,            0.007822,            0.007822,            0.007822
                 112,            0.038583,           0.0095756,           0.0083921,               0.787,                0.95,             0.88742,             0.54203,            0.021181,           0.0049563,           0.0046178,           0.0078022,           0.0078022,           0.0078022
                 113,            0.035687,           0.0092494,            0.011194,             0.71719,             0.86279,             0.85331,             0.49038,            0.020313,           0.0050074,           0.0048673,           0.0077824,           0.0077824,           0.0077824
                 114,            0.035794,           0.0094625,            0.012671,             0.92343,             0.90599,             0.98443,             0.68252,            0.018451,           0.0049941,           0.0054804,           0.0077626,           0.0077626,           0.0077626
                 115,            0.032138,           0.0090663,            0.011462,             0.55484,                0.95,             0.87583,             0.50227,            0.024441,           0.0050195,           0.0055832,           0.0077428,           0.0077428,           0.0077428
                 116,            0.039733,            0.008895,            0.010512,             0.55484,                0.95,             0.87583,             0.50227,            0.024441,           0.0050195,           0.0055832,            0.007723,            0.007723,            0.007723
                 117,            0.039085,            0.010361,           0.0082063,             0.74188,             0.80003,             0.92948,             0.59901,            0.022203,           0.0049398,           0.0053897,           0.0077032,           0.0077032,           0.0077032
                 118,            0.038416,           0.0084193,            0.011675,             0.74164,               0.875,             0.94918,             0.36134,            0.027757,           0.0053636,           0.0047206,           0.0076834,           0.0076834,           0.0076834
                 119,            0.039701,            0.010244,            0.010246,             0.71452,             0.90362,             0.96005,             0.56211,            0.021913,           0.0050513,           0.0046188,           0.0076636,           0.0076636,           0.0076636
                 120,            0.039338,            0.010701,            0.010362,             0.71452,             0.90362,             0.96005,             0.56211,            0.021913,           0.0050513,           0.0046188,           0.0076438,           0.0076438,           0.0076438
                 121,            0.034023,           0.0090433,            0.011504,             0.87638,             0.91229,             0.95964,             0.72149,            0.019578,           0.0049534,           0.0042594,            0.007624,            0.007624,            0.007624
                 122,            0.032133,           0.0089217,            0.008762,             0.97936,               0.975,             0.99381,             0.63077,            0.022527,           0.0051326,           0.0037201,           0.0076042,           0.0076042,           0.0076042
                 123,            0.039557,           0.0092364,            0.010738,             0.97555,             0.94869,             0.99148,             0.65373,            0.019529,           0.0050442,           0.0035728,           0.0075844,           0.0075844,           0.0075844
                 124,            0.038783,           0.0086942,            0.012616,             0.97555,             0.94869,             0.99148,             0.65373,            0.019529,           0.0050442,           0.0035728,           0.0075646,           0.0075646,           0.0075646
                 125,            0.033333,           0.0094209,           0.0084046,             0.94714,                   1,             0.99045,             0.71778,             0.01604,           0.0048822,           0.0035043,           0.0075448,           0.0075448,           0.0075448
                 126,            0.032802,           0.0095923,           0.0086754,             0.79734,                0.95,             0.95983,             0.53597,            0.019667,           0.0049707,           0.0033826,            0.007525,            0.007525,            0.007525
                 127,            0.035079,           0.0092202,           0.0081431,             0.97878,              0.9924,               0.995,             0.63361,            0.019232,           0.0048514,           0.0034091,           0.0075052,           0.0075052,           0.0075052
                 128,            0.036025,           0.0081966,            0.011681,             0.97878,              0.9924,               0.995,             0.63361,            0.019232,           0.0048514,           0.0034091,           0.0074854,           0.0074854,           0.0074854
                 129,            0.034464,           0.0092425,           0.0091215,             0.99293,                   1,               0.995,             0.77809,            0.014451,           0.0047301,           0.0035833,           0.0074656,           0.0074656,           0.0074656
                 130,            0.032831,           0.0092091,            0.009015,             0.68371,               0.925,             0.91254,             0.61553,            0.023451,           0.0052607,           0.0033697,           0.0074458,           0.0074458,           0.0074458
                 131,            0.041013,           0.0094322,           0.0096218,             0.91914,               0.925,             0.96314,             0.58936,            0.017978,           0.0048586,           0.0034325,            0.007426,            0.007426,            0.007426
                 132,            0.036086,            0.009255,           0.0089406,             0.91914,               0.925,             0.96314,             0.58936,            0.017978,           0.0048586,           0.0034325,           0.0074062,           0.0074062,           0.0074062
                 133,            0.029945,           0.0087926,           0.0083032,             0.99498,                   1,               0.995,             0.69958,            0.015298,           0.0046781,            0.003288,           0.0073864,           0.0073864,           0.0073864
                 134,            0.030771,            0.010419,           0.0078314,             0.93695,               0.925,             0.95971,             0.48515,            0.021488,           0.0049362,            0.003155,           0.0073666,           0.0073666,           0.0073666
                 135,            0.037276,           0.0083128,           0.0087121,             0.71721,             0.99185,             0.97786,             0.58839,            0.021431,           0.0049315,            0.003243,           0.0073468,           0.0073468,           0.0073468
                 136,            0.036646,           0.0098009,            0.010098,             0.71721,             0.99185,             0.97786,             0.58839,            0.021431,           0.0049315,            0.003243,            0.007327,            0.007327,            0.007327
                 137,            0.031166,           0.0080499,           0.0061557,             0.81055,             0.96434,             0.96414,             0.60183,            0.019438,           0.0048873,           0.0031578,           0.0073072,           0.0073072,           0.0073072
                 138,            0.032789,            0.010474,           0.0077009,             0.67426,             0.97842,             0.99045,             0.59885,            0.023643,           0.0052225,           0.0031022,           0.0072874,           0.0072874,           0.0072874
                 139,            0.038859,           0.0093008,           0.0078543,             0.94836,                   1,               0.995,             0.69028,            0.018365,           0.0048117,           0.0028071,           0.0072676,           0.0072676,           0.0072676
                 140,            0.029307,           0.0097596,           0.0089617,             0.94836,                   1,               0.995,             0.69028,            0.018365,           0.0048117,           0.0028071,           0.0072478,           0.0072478,           0.0072478
                 141,            0.028166,           0.0090265,           0.0097422,              0.9921,                   1,               0.995,             0.71571,            0.014658,           0.0046629,            0.002805,            0.007228,            0.007228,            0.007228
                 142,            0.028678,           0.0088698,           0.0086507,             0.92634,             0.98789,             0.99381,             0.74971,            0.018978,           0.0048633,            0.002786,           0.0072082,           0.0072082,           0.0072082
                 143,            0.029068,           0.0090544,           0.0067884,             0.59755,               0.975,             0.89791,             0.47083,            0.025193,           0.0050862,           0.0028204,           0.0071884,           0.0071884,           0.0071884
                 144,            0.039772,            0.008778,            0.011285,             0.59755,               0.975,             0.89791,             0.47083,            0.025193,           0.0050862,           0.0028204,           0.0071686,           0.0071686,           0.0071686
                 145,             0.03391,           0.0095401,           0.0073408,             0.88505,             0.98805,             0.97136,             0.59343,            0.021006,           0.0048244,           0.0028655,           0.0071488,           0.0071488,           0.0071488
                 146,            0.030886,           0.0075696,           0.0076505,             0.99274,                   1,               0.995,              0.5377,            0.021335,           0.0047167,            0.002884,            0.007129,            0.007129,            0.007129
                 147,            0.032548,           0.0089954,           0.0063326,             0.82692,                0.95,             0.96101,             0.73138,            0.016744,           0.0045755,           0.0029407,           0.0071092,           0.0071092,           0.0071092
                 148,            0.028693,           0.0092267,           0.0065351,             0.82692,                0.95,             0.96101,             0.73138,            0.016744,           0.0045755,           0.0029407,           0.0070894,           0.0070894,           0.0070894
                 149,            0.029063,           0.0095056,           0.0079205,             0.92676,               0.975,             0.97821,             0.62241,             0.01742,           0.0046632,           0.0031117,           0.0070696,           0.0070696,           0.0070696
                 150,            0.030816,           0.0089121,            0.012431,               0.991,               0.975,             0.98852,             0.56772,            0.023101,           0.0047957,           0.0031386,           0.0070498,           0.0070498,           0.0070498
                 151,            0.039003,           0.0092729,           0.0059435,             0.95227,             0.97565,               0.995,             0.76353,            0.016747,           0.0046857,           0.0033736,             0.00703,             0.00703,             0.00703
                 152,             0.02818,            0.009823,           0.0086269,             0.95227,             0.97565,               0.995,             0.76353,            0.016747,           0.0046857,           0.0033736,           0.0070102,           0.0070102,           0.0070102
                 153,            0.028285,           0.0091011,           0.0096998,             0.96053,              0.9978,               0.995,             0.80762,            0.012872,           0.0045302,           0.0035234,           0.0069904,           0.0069904,           0.0069904
                 154,            0.028614,           0.0088314,            0.012246,                   1,             0.97099,               0.995,             0.72132,            0.018862,           0.0047309,           0.0035386,           0.0069706,           0.0069706,           0.0069706
                 155,            0.031556,            0.010457,            0.011263,             0.99383,             0.97749,               0.995,             0.72363,            0.016444,           0.0045611,            0.003441,           0.0069508,           0.0069508,           0.0069508
                 156,            0.029377,           0.0084777,           0.0095248,             0.99383,             0.97749,               0.995,             0.72363,            0.016444,           0.0045611,            0.003441,            0.006931,            0.006931,            0.006931
                 157,            0.027423,           0.0096388,            0.010521,             0.99183,             0.97808,               0.995,               0.789,            0.011897,           0.0043985,           0.0034928,           0.0069112,           0.0069112,           0.0069112
                 158,            0.027443,           0.0083444,           0.0065597,             0.99538,             0.97466,             0.99174,               0.652,            0.018972,           0.0045367,           0.0034955,           0.0068914,           0.0068914,           0.0068914
                 159,            0.032567,           0.0093296,            0.011129,             0.95038,             0.96894,             0.99174,             0.57485,            0.021088,           0.0045751,           0.0033762,           0.0068716,           0.0068716,           0.0068716
                 160,            0.034511,           0.0079309,           0.0066429,             0.95038,             0.96894,             0.99174,             0.57485,            0.021088,           0.0045751,           0.0033762,           0.0068518,           0.0068518,           0.0068518
                 161,             0.02949,           0.0090847,           0.0070152,              0.9746,             0.97691,               0.995,             0.74927,            0.015737,           0.0043294,           0.0036988,            0.006832,            0.006832,            0.006832
                 162,            0.028942,           0.0094075,            0.008843,             0.82675,             0.96953,             0.95291,             0.64205,            0.018201,           0.0044183,           0.0036944,           0.0068122,           0.0068122,           0.0068122
                 163,            0.038281,           0.0083354,            0.010608,             0.98757,             0.97778,               0.995,             0.79982,            0.013485,           0.0041005,            0.003488,           0.0067924,           0.0067924,           0.0067924
                 164,            0.029619,           0.0081103,           0.0098912,             0.98757,             0.97778,               0.995,             0.79982,            0.013485,           0.0041005,            0.003488,           0.0067726,           0.0067726,           0.0067726
                 165,            0.022894,            0.008154,           0.0079668,             0.99149,             0.97844,               0.995,             0.84239,            0.011792,           0.0040425,           0.0033834,           0.0067528,           0.0067528,           0.0067528
                 166,            0.027735,            0.008156,            0.010399,             0.97087,                   1,               0.995,             0.75647,            0.017115,           0.0042531,           0.0031014,            0.006733,            0.006733,            0.006733
                 167,            0.029881,           0.0087318,           0.0082951,             0.93199,                   1,             0.99262,             0.65175,            0.017796,           0.0042427,           0.0031213,           0.0067132,           0.0067132,           0.0067132
                 168,            0.035444,           0.0081881,             0.00795,             0.93199,                   1,             0.99262,             0.65175,            0.017796,           0.0042427,           0.0031213,           0.0066934,           0.0066934,           0.0066934
                 169,            0.031142,           0.0076525,            0.010783,             0.98873,                   1,               0.995,             0.67439,            0.019328,           0.0043248,           0.0033193,           0.0066736,           0.0066736,           0.0066736
                 170,            0.032541,           0.0093728,            0.012103,             0.92488,             0.94583,             0.98936,             0.48275,            0.019489,           0.0046051,           0.0033602,           0.0066538,           0.0066538,           0.0066538
                 171,             0.03805,            0.008924,           0.0081947,             0.99482,                   1,               0.995,              0.7706,            0.013917,           0.0042694,            0.003204,            0.006634,            0.006634,            0.006634
                 172,            0.026946,           0.0091765,             0.01005,             0.99482,                   1,               0.995,              0.7706,            0.013917,           0.0042694,            0.003204,           0.0066142,           0.0066142,           0.0066142
                 173,            0.026131,           0.0081025,           0.0086097,             0.99417,                   1,               0.995,             0.79346,            0.011787,           0.0042382,           0.0031861,           0.0065944,           0.0065944,           0.0065944
                 174,            0.025473,           0.0084329,           0.0069384,             0.99349,                   1,               0.995,             0.73951,            0.014566,           0.0044007,           0.0030786,           0.0065746,           0.0065746,           0.0065746
                 175,            0.024941,           0.0082831,             0.00763,             0.92748,                   1,             0.98098,             0.51191,            0.024135,           0.0046649,           0.0029676,           0.0065548,           0.0065548,           0.0065548
                 176,            0.039363,           0.0079631,           0.0080077,             0.92748,                   1,             0.98098,             0.51191,            0.024135,           0.0046649,           0.0029676,            0.006535,            0.006535,            0.006535
                 177,            0.034771,           0.0092868,            0.011401,             0.94591,                   1,             0.98364,             0.57143,            0.021224,           0.0045535,           0.0029723,           0.0065152,           0.0065152,           0.0065152
                 178,            0.030741,           0.0095818,           0.0077717,             0.99198,                   1,               0.995,             0.73714,            0.016271,           0.0043716,            0.002933,           0.0064954,           0.0064954,           0.0064954
                 179,            0.032214,           0.0087877,           0.0074651,             0.99286,                   1,               0.995,             0.64021,            0.017655,           0.0043535,           0.0028301,           0.0064756,           0.0064756,           0.0064756
                 180,            0.029258,           0.0080231,           0.0080202,             0.99286,                   1,               0.995,             0.64021,            0.017655,           0.0043535,           0.0028301,           0.0064558,           0.0064558,           0.0064558
                 181,            0.026298,           0.0091116,           0.0092079,             0.99348,                   1,               0.995,             0.72331,            0.014156,           0.0042064,            0.002768,            0.006436,            0.006436,            0.006436
                 182,            0.027349,           0.0082814,           0.0077609,             0.99209,                   1,               0.995,             0.65572,            0.016692,           0.0044218,           0.0027303,           0.0064162,           0.0064162,           0.0064162
                 183,            0.035368,           0.0089459,           0.0076668,             0.99425,                   1,               0.995,             0.74839,            0.014478,           0.0042135,           0.0026634,           0.0063964,           0.0063964,           0.0063964
                 184,            0.028025,           0.0094392,            0.010559,             0.99425,                   1,               0.995,             0.74839,            0.014478,           0.0042135,           0.0026634,           0.0063766,           0.0063766,           0.0063766
                 185,            0.023535,           0.0084075,            0.007023,             0.99553,                   1,               0.995,               0.804,            0.011578,             0.00396,           0.0026156,           0.0063568,           0.0063568,           0.0063568
                 186,            0.025655,           0.0079891,           0.0082536,             0.99399,                   1,               0.995,             0.76502,            0.013259,           0.0039736,            0.002578,            0.006337,            0.006337,            0.006337
                 187,            0.031285,           0.0088764,           0.0075237,             0.89548,                   1,             0.96179,             0.67351,            0.017985,           0.0042914,           0.0025047,           0.0063172,           0.0063172,           0.0063172
                 188,            0.031237,           0.0086573,            0.010983,             0.89548,                   1,             0.96179,             0.67351,            0.017985,           0.0042914,           0.0025047,           0.0062974,           0.0062974,           0.0062974
                 189,            0.024669,           0.0080441,           0.0063657,              0.9966,                   1,               0.995,             0.71524,            0.014035,           0.0040914,           0.0025095,           0.0062776,           0.0062776,           0.0062776
                 190,            0.028118,           0.0085961,           0.0082902,              0.9078,                   1,             0.98281,             0.57736,            0.021227,           0.0044502,           0.0024824,           0.0062578,           0.0062578,           0.0062578
                 191,            0.036958,           0.0094436,           0.0072206,             0.99585,                   1,               0.995,              0.7241,            0.012432,            0.003888,           0.0024637,            0.006238,            0.006238,            0.006238
                 192,            0.024869,            0.009835,             0.01168,             0.99585,                   1,               0.995,              0.7241,            0.012432,            0.003888,           0.0024637,           0.0062182,           0.0062182,           0.0062182
                 193,            0.022442,           0.0086622,           0.0062635,              0.9957,                   1,               0.995,             0.82208,            0.011095,           0.0038083,           0.0024797,           0.0061984,           0.0061984,           0.0061984
                 194,            0.023266,            0.009164,           0.0068464,             0.99286,                   1,               0.995,             0.68785,             0.01491,           0.0041495,           0.0025077,           0.0061786,           0.0061786,           0.0061786
                 195,            0.025853,           0.0079614,            0.007271,             0.99361,                   1,               0.995,             0.66912,            0.016544,           0.0042779,           0.0025136,           0.0061588,           0.0061588,           0.0061588
                 196,            0.034311,           0.0097901,            0.006201,             0.99361,                   1,               0.995,             0.66912,            0.016544,           0.0042779,           0.0025136,            0.006139,            0.006139,            0.006139
                 197,            0.028319,           0.0076931,            0.010313,             0.99511,                   1,               0.995,             0.65077,            0.015156,           0.0041879,           0.0025156,           0.0061192,           0.0061192,           0.0061192
                 198,            0.029037,           0.0080176,           0.0085689,             0.80988,                   1,              0.8794,             0.58059,            0.017374,            0.004255,           0.0025351,           0.0060994,           0.0060994,           0.0060994
                 199,            0.031431,           0.0082606,           0.0059745,             0.99181,                   1,               0.995,             0.76728,            0.013953,           0.0039858,           0.0025783,           0.0060796,           0.0060796,           0.0060796
                 200,            0.027555,           0.0084445,           0.0086277,             0.99181,                   1,               0.995,             0.76728,            0.013953,           0.0039858,           0.0025783,           0.0060598,           0.0060598,           0.0060598
                 201,            0.024824,           0.0074146,           0.0060397,             0.99497,                   1,               0.995,             0.80217,            0.013008,           0.0039378,           0.0026186,             0.00604,             0.00604,             0.00604
                 202,            0.024619,           0.0082918,           0.0069195,             0.95118,                   1,             0.99273,              0.6941,            0.016194,           0.0041354,           0.0026149,           0.0060202,           0.0060202,           0.0060202
                 203,            0.029655,           0.0079089,            0.011344,             0.99477,                   1,               0.995,             0.70061,            0.017477,           0.0042662,           0.0026128,           0.0060004,           0.0060004,           0.0060004
                 204,             0.02808,           0.0072689,           0.0055616,             0.99477,                   1,               0.995,             0.70061,            0.017477,           0.0042662,           0.0026128,           0.0059806,           0.0059806,           0.0059806
                 205,            0.026668,           0.0079435,           0.0083383,             0.97103,                   1,             0.99262,             0.76444,             0.01465,             0.00412,            0.002642,           0.0059608,           0.0059608,           0.0059608
                 206,            0.027459,           0.0072429,           0.0083552,             0.99146,                   1,               0.995,             0.64965,            0.017908,            0.004259,           0.0027029,            0.005941,            0.005941,            0.005941
                 207,             0.03142,           0.0087898,            0.006029,             0.99403,                   1,               0.995,             0.78562,            0.013135,           0.0041086,           0.0027708,           0.0059212,           0.0059212,           0.0059212
                 208,            0.021931,           0.0083407,           0.0060738,             0.99403,                   1,               0.995,             0.78562,            0.013135,           0.0041086,           0.0027708,           0.0059014,           0.0059014,           0.0059014
                 209,            0.022353,           0.0073872,           0.0077547,             0.98972,                   1,               0.995,             0.80268,            0.012714,           0.0041502,           0.0029415,           0.0058816,           0.0058816,           0.0058816
                 210,            0.024731,           0.0090589,           0.0066907,             0.89978,                   1,             0.98215,               0.798,            0.013992,           0.0042214,           0.0031151,           0.0058618,           0.0058618,           0.0058618
                 211,            0.028418,           0.0084018,             0.01028,             0.96783,             0.99726,               0.995,             0.79427,            0.014121,           0.0042485,           0.0034201,            0.005842,            0.005842,            0.005842
                 212,            0.027115,           0.0092243,           0.0057288,             0.96783,             0.99726,               0.995,             0.79427,            0.014121,           0.0042485,           0.0034201,           0.0058222,           0.0058222,           0.0058222
                 213,            0.023394,           0.0074956,           0.0084642,             0.95642,             0.99528,               0.995,             0.80789,            0.012913,           0.0042201,           0.0036847,           0.0058024,           0.0058024,           0.0058024
                 214,            0.025729,           0.0072089,           0.0071993,             0.96965,             0.97807,               0.995,             0.78427,            0.014806,           0.0044697,           0.0038405,           0.0057826,           0.0057826,           0.0057826
                 215,            0.025833,           0.0093587,           0.0095574,              0.9581,             0.99658,               0.995,             0.75068,            0.017142,           0.0046152,           0.0036984,           0.0057628,           0.0057628,           0.0057628
                 216,            0.029644,           0.0081839,           0.0063203,              0.9581,             0.99658,               0.995,             0.75068,            0.017142,           0.0046152,           0.0036984,            0.005743,            0.005743,            0.005743
                 217,            0.024792,           0.0078479,           0.0058589,             0.97702,             0.99703,               0.995,             0.77642,            0.013402,           0.0044918,           0.0033771,           0.0057232,           0.0057232,           0.0057232
                 218,            0.024256,           0.0070763,           0.0096689,             0.99643,                   1,               0.995,             0.81798,            0.014572,           0.0042301,           0.0028521,           0.0057034,           0.0057034,           0.0057034
                 219,             0.02708,           0.0082029,            0.010293,             0.99648,                   1,               0.995,             0.79048,            0.011895,            0.004033,           0.0027966,           0.0056836,           0.0056836,           0.0056836
                 220,             0.02754,           0.0092675,           0.0075905,             0.99648,                   1,               0.995,             0.79048,            0.011895,            0.004033,           0.0027966,           0.0056638,           0.0056638,           0.0056638
                 221,            0.023738,           0.0079134,           0.0084881,             0.99619,                   1,               0.995,             0.82395,            0.011686,           0.0039792,           0.0027941,            0.005644,            0.005644,            0.005644
                 222,            0.023823,           0.0079433,           0.0074433,             0.99572,                   1,               0.995,             0.79653,            0.013419,           0.0040938,           0.0027668,           0.0056242,           0.0056242,           0.0056242
                 223,            0.027814,           0.0076682,            0.013359,             0.99563,                   1,               0.995,             0.78565,            0.011442,           0.0039486,           0.0027306,           0.0056044,           0.0056044,           0.0056044
                 224,            0.025414,           0.0087049,           0.0054964,             0.99563,                   1,               0.995,             0.78565,            0.011442,           0.0039486,           0.0027306,           0.0055846,           0.0055846,           0.0055846
                 225,             0.02693,           0.0083962,           0.0075282,             0.99584,                   1,               0.995,             0.83917,           0.0097448,           0.0038101,           0.0026939,           0.0055648,           0.0055648,           0.0055648
                 226,            0.027769,           0.0085252,           0.0070894,             0.99426,                   1,               0.995,             0.60279,            0.019966,           0.0042647,           0.0026163,            0.005545,            0.005545,            0.005545
                 227,            0.033483,           0.0079126,            0.010324,             0.99579,                   1,               0.995,             0.76274,            0.014321,           0.0041322,           0.0026798,           0.0055252,           0.0055252,           0.0055252
                 228,            0.025722,           0.0091297,           0.0091441,             0.99579,                   1,               0.995,             0.76274,            0.014321,           0.0041322,           0.0026798,           0.0055054,           0.0055054,           0.0055054
                 229,            0.021461,           0.0072879,           0.0055864,             0.99211,                   1,               0.995,             0.79421,            0.012518,           0.0040459,           0.0027449,           0.0054856,           0.0054856,           0.0054856
                 230,            0.021997,           0.0083255,           0.0078918,             0.98806,                   1,               0.995,             0.78807,            0.011938,           0.0040154,           0.0028299,           0.0054658,           0.0054658,           0.0054658
                 231,             0.02547,           0.0079048,            0.010291,                0.99,                   1,               0.995,             0.75447,            0.013896,           0.0040869,           0.0027533,            0.005446,            0.005446,            0.005446
                 232,            0.025192,            0.009153,           0.0068249,                0.99,                   1,               0.995,             0.75447,            0.013896,           0.0040869,           0.0027533,           0.0054262,           0.0054262,           0.0054262
                 233,            0.027016,           0.0069542,           0.0080524,             0.98988,                   1,               0.995,             0.79083,            0.011291,           0.0039847,           0.0027627,           0.0054064,           0.0054064,           0.0054064
                 234,            0.022568,           0.0073945,           0.0071363,             0.99055,                   1,               0.995,             0.75277,            0.014178,           0.0041448,           0.0026674,           0.0053866,           0.0053866,           0.0053866
                 235,            0.027011,           0.0076465,           0.0054261,              0.9927,                   1,               0.995,              0.7535,            0.014471,           0.0041478,           0.0025463,           0.0053668,           0.0053668,           0.0053668
                 236,            0.027344,           0.0073266,           0.0056138,              0.9927,                   1,               0.995,              0.7535,            0.014471,           0.0041478,           0.0025463,            0.005347,            0.005347,            0.005347
                 237,            0.024226,           0.0080296,           0.0053977,             0.99404,                   1,               0.995,             0.80816,            0.012092,           0.0039674,            0.002472,           0.0053272,           0.0053272,           0.0053272
                 238,            0.024684,           0.0074324,           0.0069588,             0.99532,                   1,               0.995,             0.80673,            0.014543,           0.0041275,           0.0024155,           0.0053074,           0.0053074,           0.0053074
                 239,            0.025292,           0.0087848,           0.0057982,             0.99497,                   1,               0.995,             0.64273,             0.01302,            0.004194,           0.0023884,           0.0052876,           0.0052876,           0.0052876
                 240,            0.027562,           0.0090285,           0.0089213,             0.99497,                   1,               0.995,             0.64273,             0.01302,            0.004194,           0.0023884,           0.0052678,           0.0052678,           0.0052678
                 241,            0.023515,           0.0077521,           0.0077776,             0.99616,                   1,               0.995,             0.75869,            0.010425,           0.0039539,           0.0023548,            0.005248,            0.005248,            0.005248
                 242,            0.023039,           0.0078962,           0.0069372,             0.99672,                   1,               0.995,             0.74761,            0.012847,           0.0041444,           0.0022681,           0.0052282,           0.0052282,           0.0052282
                 243,            0.029143,           0.0069052,           0.0090152,             0.99648,                   1,               0.995,             0.77049,            0.013916,           0.0042015,           0.0022503,           0.0052084,           0.0052084,           0.0052084
                 244,            0.023985,           0.0076466,            0.006285,             0.99648,                   1,               0.995,             0.77049,            0.013916,           0.0042015,           0.0022503,           0.0051886,           0.0051886,           0.0051886
                 245,            0.021184,           0.0072462,           0.0066094,             0.99648,                   1,               0.995,             0.77839,            0.013229,            0.004132,           0.0022272,           0.0051688,           0.0051688,           0.0051688
                 246,             0.02557,           0.0075395,            0.010094,             0.99637,                   1,               0.995,             0.78296,            0.011765,           0.0040356,           0.0022504,            0.005149,            0.005149,            0.005149
                 247,            0.024069,           0.0090398,           0.0070042,             0.99712,                   1,               0.995,             0.67468,            0.017736,           0.0043906,           0.0022125,           0.0051292,           0.0051292,           0.0051292
                 248,            0.026956,           0.0090075,           0.0054109,             0.99712,                   1,               0.995,             0.67468,            0.017736,           0.0043906,           0.0022125,           0.0051094,           0.0051094,           0.0051094
                 249,            0.025462,           0.0081304,           0.0073727,             0.99648,                   1,               0.995,             0.72691,            0.015953,           0.0042234,           0.0022302,           0.0050896,           0.0050896,           0.0050896
                 250,            0.027052,            0.010745,           0.0072608,             0.99707,                   1,               0.995,             0.81146,            0.012845,           0.0040379,           0.0022376,           0.0050698,           0.0050698,           0.0050698
                 251,            0.028874,           0.0085117,           0.0082924,             0.99709,                   1,               0.995,             0.77302,            0.011766,            0.003965,           0.0022335,             0.00505,             0.00505,             0.00505
                 252,            0.023028,           0.0086712,           0.0070362,             0.99709,                   1,               0.995,             0.77302,            0.011766,            0.003965,           0.0022335,           0.0050302,           0.0050302,           0.0050302
                 253,            0.021291,            0.007779,            0.007004,             0.99709,                   1,               0.995,              0.8211,            0.010235,           0.0038465,           0.0022354,           0.0050104,           0.0050104,           0.0050104
                 254,            0.021352,           0.0081002,           0.0056163,              0.9956,                   1,               0.995,              0.7386,            0.012142,           0.0040247,           0.0022303,           0.0049906,           0.0049906,           0.0049906
                 255,            0.025113,           0.0070785,           0.0062978,             0.99618,                   1,               0.995,             0.73225,            0.016511,           0.0041732,           0.0022086,           0.0049708,           0.0049708,           0.0049708
                 256,            0.024423,           0.0086957,           0.0045163,             0.99618,                   1,               0.995,             0.73225,            0.016511,           0.0041732,           0.0022086,            0.004951,            0.004951,            0.004951
                 257,            0.024409,           0.0078365,           0.0063605,              0.9968,                   1,               0.995,             0.76282,            0.015172,           0.0041098,           0.0021856,           0.0049312,           0.0049312,           0.0049312
                 258,            0.023084,           0.0082363,           0.0057305,             0.99656,                   1,               0.995,             0.80264,            0.011827,           0.0039738,           0.0021559,           0.0049114,           0.0049114,           0.0049114
                 259,            0.026985,           0.0078147,            0.010227,             0.99666,                   1,               0.995,               0.741,             0.01227,           0.0039233,           0.0021559,           0.0048916,           0.0048916,           0.0048916
                 260,            0.025255,           0.0066114,           0.0067806,             0.99666,                   1,               0.995,               0.741,             0.01227,           0.0039233,           0.0021559,           0.0048718,           0.0048718,           0.0048718
                 261,            0.022841,           0.0066745,           0.0058957,             0.99632,                   1,               0.995,             0.76569,            0.013005,           0.0038638,           0.0021628,            0.004852,            0.004852,            0.004852
                 262,             0.02363,           0.0079896,           0.0061955,             0.99653,                   1,               0.995,              0.7484,            0.013651,           0.0039527,           0.0021511,           0.0048322,           0.0048322,           0.0048322
                 263,            0.025728,           0.0071331,           0.0083951,             0.99688,                   1,               0.995,             0.75933,            0.014392,           0.0038726,           0.0021385,           0.0048124,           0.0048124,           0.0048124
                 264,            0.024262,           0.0076498,           0.0051622,             0.99688,                   1,               0.995,             0.75933,            0.014392,           0.0038726,           0.0021385,           0.0047926,           0.0047926,           0.0047926
                 265,            0.021688,            0.007888,           0.0060071,             0.99699,                   1,               0.995,              0.8228,            0.011973,           0.0037376,           0.0021249,           0.0047728,           0.0047728,           0.0047728
